ID,Başlık,Link,Analiz
47074389,America vs. Singapore: You Can't Save Your Way Out of Economic Shocks,https://www.governance.fyi/p/america-vs-singapore-you-cant-save,"- Kategori: AI/ Ekonomi
- Teknik Derinlik: 6
- Kısa Özet: Amerika ve Singapur'un ekonomik şoklara karşı farklı stratejilerini inceleyen bir makale, Amerika'nın.sgk sistemi ile Singapur'un farklı ekonomi yönetimlerini karşılaştırıyor."
47073112,Pebble Production: February Update,https://repebble.com/blog/february-pebble-production-and-software-updates,"- Kategori: Hardware
- Teknik Derinlik: 2
- Kısa Özet: Pebble ürününün февраль ayı güncellemesini içerir."
47038032,"Don't Trust the Salt: AI Summarization, Multilingual Safety, and LLM Guardrails",https://royapakzad.substack.com/p/multilingual-llm-evaluation-to-guardrails,"- Kategori: AI, Security
- Teknik Derinlik: 8
- Kısa Özet: Büyük dil modellerinin (LLM) güvenliğini ve yanlış bilgilendirmeyi önlemek için geliştirilen teknoloji ve önlemler hakkında bir uyarı veriyor."
47072968,Paged Out Issue #8 [pdf],https://pagedout.institute/download/PagedOut_008.pdf,"- Kategori: Software
- Teknik Derinlik: 6
- Kısa Özet: ""Paged Out Issue #8 [pdf]"" başlıklı teknik makale, bilgisayar bilimcileri ve yazılımcılar için ilginç konuları ve yenilikleri ele alan bir dergi sayısını temsil etmektedir."
47072863,"Show HN: Mini-Diarium - An encrypted, local, cross-platform journaling app",https://github.com/fjrevoredo/mini-diarium,"Here is the analysis of the tech headline in Turkish:

- Kategori: Güvenlik (Security)
- Teknik Derinlik: 6
- Kısa Özet: Show HN platformunda sunulan Mini-Diarium, şifrelenmiş, yerel ve çok platformlu bir günce uygulamasıdır."
47035088,-fbounds-safety: Enforcing bounds safety for C,https://clang.llvm.org/docs/BoundsSafety.html,"- Kategori: Security
- Teknik Derinlik: 8
- Kısa Özet: ""-fbounds-safety"" özelliği, C programlama dilinde sınır güvenliğini sağlamak için tasarlanmış bir güvenlik özelliğidir."
47072539,Bridging Elixir and Python with Oban,https://oban.pro/articles/bridging-with-oban,"- Kategori: Software
- Teknik Derinlik: 8
- Kısa Özet: Oban, Elixir ve Python programlama dillerini birbirine bağlayarak entegrasyonu sağlayan bir aracı olarak öne çıkıyor."
47073684,Famous Signatures Through History,https://signatory.app/#famous-signatures,"- Kategori: AI
- Teknik Derinlik: 2
- Kısa Özet: Tarihi önemli kişilerin imzalarının bir koleksiyonunu sunan bir teknoloji çalışması."
47073044,Coding Tricks Used in the C64 Game Seawolves,https://kodiak64.co.uk/blog/seawolves-technical-tricks,"- Kategori: Software
- Teknik Derinlik: 8
- Kısa Özet: Commodore 64 oyunu Seawolves'da kullanılan kod hileleri ve geliştirme teknikleri analiz ediliyor."
47041225,The Mongol Khans of Medieval France,https://www.historytoday.com/archive/feature/mongol-khans-medieval-france,"- Kategori: None (Tarih)
- Teknik Derinlik: 1
- Kısa Özet: ""The Mongol Khans of Medieval France"" adlı başlık, Moğol hanlarının Orta Çağ Fransa'sındaki varlığıyla ilgili tarihi bir konuda bilgi vermektedir."
47066552,Sizing chaos,https://pudding.cool/2026/02/womens-sizing/,"- Kategori: Software
- Teknik Derinlik: 6
- Kısa Özet: ""Sizing chaos"" başlıklı teknoloji haberi, muhtemelen yazılımların veya sistemlerin ölçeklenebilirlik ve karmaşıklık sorunlarını ele alır."
47072444,Show HN: A physically-based GPU ray tracer written in Julia,https://makie.org/website/blogposts/raytracing/,"- Kategori: Software
- Teknik Derinlik: 8
- Kısa Özet: Julia programlama dilini kullanarak fiziksel tabanlı bir GPU ışın izleme sistemi geliştirilmiştir."
47023391,Large Language Models for Mortals: A Practical Guide for Analysts with Python,https://crimede-coder.com/blogposts/2026/LLMsForMortals,"- Kategori: AI
- Teknik Derinlik: 6
- Kısa Özet: Bu teknik makale, analistlerin Python kullanarak büyük dil modellerini pratik bir şekilde nasıl kullanabileceklerini anlatan bir rehber sunuyor."
47066241,27-year-old Apple iBooks can connect to Wi-Fi and download official updates,https://old.reddit.com/r/MacOS/comments/1r8900z/macos_which_officially_supports_27_year_old/,"- Kategori: Hardware
- Teknik Derinlik: 6
- Kısa Özet: 27 yaşındaki Apple iBooks cihazları hala Wi-Fi'ye bağlanabilir ve resmi güncellemeleri indirebilir."
47073663,C++26: Std:Is_within_lifetime,https://www.sandordargo.com/blog/2026/02/18/cpp26-std_is_within_lifetime,"- Kategori: Software
- Teknik Derinlik: 8
- Kısa Özet: C++26 için önerilen std::is_within_lifetime özelliği, programcıların bir nesnenin ömrü içerisinde olup olmadığını kontrol etmelerine yardımcı olacak bir işlevsellik sağlamaktadır."
47074083,Against Theory-Motivated Experimentation,https://journals.sagepub.com/doi/10.1177/26339137261421577,"- Kategori: AI
- Teknik Derinlik: 8
- Kısa Özet: Makale, teorik motivasyonların deneysel çalışmalara yön verme şeklini eleştiren ve sorgulayan bir yaklaşımın ortaya konulması hakkında konuşuyor."
47027171,Voith Schneider Propeller,https://en.wikipedia.org/wiki/Voith_Schneider_Propeller,"- Kategori: Hardware
- Teknik Derinlik: 8
- Kısa Özet: Voith Schneider Propeller, gemilerin ve diğer su araçlarının manevra kabiliyetini artırmak için kullanılan özel bir tür itici sistemdir."
47068890,"15 years of FP64 segmentation, and why the Blackwell Ultra breaks the pattern",https://nicolasdickenmann.com/blog/the-great-fp64-divide.html,"- Kategori: Hardware
- Teknik Derinlik: 8
- Kısa Özet: Blackwell Ultra, 15 yıllık FP64 segmentasyon çizgisini kırarak yeni bir dönemi başlatabilir."
47070680,Old School Visual Effects: The Cloud Tank (2010),http://singlemindedmovieblog.blogspot.com/2010/04/old-school-effects-cloud-tank.html,"- Kategori: Hardware
- Teknik Derinlik: 6
- Kısa Özet: Bu başlık, vizyon efektlerinde kullanılan ve 2010 yılında sunulan Cloud Tank adlı geleneksel bir özel efekt teknolojisini tanıtmaktadır."
47064490,Cosmologically Unique IDs,https://jasonfantl.com/posts/Universal-Unique-IDs/,"- Kategori: Software
- Teknik Derinlik: 6
- Kısa Özet:.Cosmologically Unique IDs, benzersiz veri tanımlama için kozmolojik olarak benzersiz kimlik oluşturma yöntemini ifade etmektedir."
